"REST1","REST2","EMOTION","GAMBLING","LANGUAGE","MOTOR","RELATIONAL","SOCIAL","WM"
"REST1",1,0.9792899,0.6686391,0.7988166,0.7071006,0.6715976,0.612426,0.8076923,0.8579882
"REST2",0.9822485,1,0.7928994,0.6597633,0.8757396,0.4940828,0.7662722,0.9349112,0.6923077
"EMOTION",0.8076923,0.9112426,1,0.8994083,0.9289941,0.4881657,0.9704142,0.9585799,0.8609467
"GAMBLING",0.9142012,0.8195266,0.9556213,1,0.8136095,0.7662722,0.887574,0.8668639,0.9881657
"LANGUAGE",0.8727811,0.9585799,0.9881657,0.9497041,1,0.3550296,0.943787,0.9467456,0.8491124
"MOTOR",0.5769231,0.3964497,0.3905325,0.5887574,0.3698225,1,0.4763314,0.3816568,0.7485207
"RELATIONAL",0.7840237,0.8934911,0.9911243,0.9526627,0.9822485,0.3934911,1,0.9704142,0.9260355
"SOCIAL",0.9201183,0.9763314,0.9822485,0.9615385,0.9911243,0.3816568,0.9852071,1,0.8757396
"WM",0.9289941,0.8550296,0.9467456,0.9881657,0.9674556,0.5680473,0.9792899,0.9733728,1
